cp_zone,commune,source,titre,pieces,surface,prix_num,prix,date_humaine,url
,,www.entreparticuliers.com,Petit-Bourg (97170) Maison à louer 4 pièces 60 m² 475 €,,60 m²,475,475 €,,https://www.entreparticuliers.com/annonces-immobilieres/maison/location/petit-bourg-97170/coloc-a-petit-bourg/ref-21074092
,,www.entreparticuliers.com,Castelnau-d'Estrétefonds (31620) à 5km de Bouloc Maison à louer 9 pièces 25 m² 500 €,,25 m²,500,500 €,,https://www.entreparticuliers.com/annonces-immobilieres/maison/location/castelnau-d-estretefonds-31620/jolie-chambre-lumineuse/ref-20712910
,,www.entreparticuliers.com,Ligny-en-Barrois (55500) Maison à louer 5 pièces 81 m² 540 €,,81 m²,540,540 €,,https://www.entreparticuliers.com/annonces-immobilieres/maison/location/ligny-en-barrois-55500/maison-de-ville-ligny-en-barrois/ref-21074271
,,www.entreparticuliers.com,Fraisse-Cabardès (11600) Maison à louer 4 pièces 75 m² 550 €,,75 m²,550,550 €,,https://www.entreparticuliers.com/annonces-immobilieres/maison/location/fraisse-cabardes-11600/jolie-maison-renovee-plein-sud/ref-21074076
,,www.entreparticuliers.com,Saint-Jean-de-Védas (34430) Maison à louer 6 pièces 190 m² 620 €,,190 m²,620,620 €,,https://www.entreparticuliers.com/annonces-immobilieres/maison/location/saint-jean-de-vedas-34430/maison-partagee-seniors-femmes/ref-21074093
,,www.entreparticuliers.com,Cohons (52600) Maison à louer 5 pièces 115 m² 640 €,,115 m²,640,640 €,,https://www.entreparticuliers.com/annonces-immobilieres/maison/location/cohons-52600/loue-grande-maison/ref-21074074
,,www.entreparticuliers.com,Descartes (37160) Maison à louer 4 pièces 62 m² 680 €,,62 m²,680,680 €,,https://www.entreparticuliers.com/annonces-immobilieres/maison/location/descartes-37160/maison-2-ch-avec-jardin-sur-descartes/ref-21074240
,,www.entreparticuliers.com,Mespaul (29420) Maison à louer 4 pièces 80 m² 700 €,,80 m²,700,700 €,,https://www.entreparticuliers.com/annonces-immobilieres/maison/location/mespaul-29420/location-maison-individuelle---libre-au-01-11-025/ref-21074072
,,www.entreparticuliers.com,Rieupeyroux (12240) Maison à louer 4 pièces 80 m² 750 €,,80 m²,750,750 €,,https://www.entreparticuliers.com/annonces-immobilieres/maison/location/rieupeyroux-12240/location-maison-individuelle-80m2/ref-21074276
,,www.entreparticuliers.com,Montredon-Labessonnié (81360) Maison à louer 5 pièces 114 m² 770 €,,114 m²,770,770 €,,https://www.entreparticuliers.com/annonces-immobilieres/maison/location/montredon-labessonnie-81360/maison-a-louer-meuble-avec-jardin/ref-21074113
,,www.entreparticuliers.com,Saint-Jean-de-Védas (34430) Maison à louer 6 pièces 190 m² 780 €,,190 m²,780,780 €,,https://www.entreparticuliers.com/annonces-immobilieres/maison/location/saint-jean-de-vedas-34430/maison-de-partage-seniors-femmes/ref-21074258
,,www.entreparticuliers.com,Savignac-de-Duras (47120) Maison à louer 5 pièces 140 m² 788 €,,140 m²,788,788 €,,https://www.entreparticuliers.com/annonces-immobilieres/maison/location/savignac-de-duras-47120/maison-de-bourg-avec-jardin/ref-21074090
,,www.entreparticuliers.com,Villeneuve-sur-Lot (47300) Maison à louer 6 pièces 140 m² 790 €,,140 m²,790,790 €,,https://www.entreparticuliers.com/annonces-immobilieres/maison/location/villeneuve-sur-lot-47300/superbe-maison-a-louer-villeneuve/ref-21074289
,,www.entreparticuliers.com,L'Escale (04160) Maison à louer 5 pièces 115 m² 790 €,,115 m²,790,790 €,,https://www.entreparticuliers.com/annonces-immobilieres/maison/location/l-escale-04160/maison-de-village-5-pieces-lescale/ref-21074125
,,www.entreparticuliers.com,Harnes (62440) Maison à louer 5 pièces 82 m² 800 € L'Escale (04160) Maison à louer 5 pièces 115 m² 790 € Montredon-Labessonnié (81360) Maison à louer 5 pièces 114 m² 770 € Valognes (50700) Maison à lo,,82 m²,800,800 €,,https://www.entreparticuliers.com/annonces-immobilieres/maison/location/harnes-62440/maison-5-pieces-82-m/ref-21074134
,,www.entreparticuliers.com,Rougemontiers (27350) Maison à louer 4 pièces 85 m² 816 €,,85 m²,816,816 €,,https://www.entreparticuliers.com/annonces-immobilieres/maison/location/rougemontiers-27350/a-louer-maison-a-rougemontier/ref-21074239
,,www.entreparticuliers.com,Castelnau-d'Estrétefonds (31620) à 5km de Bouloc Maison à louer 4 pièces 90 m² 850 €,,90 m²,850,850 €,,https://www.entreparticuliers.com/annonces-immobilieres/maison/location/castelnau-d-estretefonds-31620/maison-de-village-t4/ref-20873475
,,www.entreparticuliers.com,Villaudric (31620) à 4km de Bouloc Maison à louer 4 pièces 78 m² 870 €,,78 m²,870,870 €,,https://www.entreparticuliers.com/annonces-immobilieres/maison/location/villaudric-31620/maison-4-pieces-78-m/ref-20953548
,,www.entreparticuliers.com,Redon (35600) Maison à louer 4 pièces 115 m² 895 €,,115 m²,895,895 €,,https://www.entreparticuliers.com/annonces-immobilieres/maison/location/redon-35600/maison-4-chambres-beau-quartier/ref-21074108
,,www.entreparticuliers.com,La Chapelle-sur-Erdre (44240) Maison à louer 4 pièces 70 m² 900 €,,70 m²,900,900 €,,https://www.entreparticuliers.com/annonces-immobilieres/maison/location/la-chapelle-sur-erdre-44240/maison-4-pieces-70-m/ref-21074209
,,www.entreparticuliers.com,Flize (08160) Maison à louer 7 pièces 180 m² 900 €,,180 m²,900,900 €,,https://www.entreparticuliers.com/annonces-immobilieres/maison/location/flize-08160/flize-maison-mitoyenne-5-chambres/ref-21074206
,,www.entreparticuliers.com,Haut-Mauco (40280) Maison à louer 4 pièces 104 m² 900 €,,104 m²,900,900 €,,https://www.entreparticuliers.com/annonces-immobilieres/maison/location/haut-mauco-40280/maison-104-m2/ref-21074107
,,www.entreparticuliers.com,Saint-Sauveur (31790) à 6km de Bouloc Maison à louer 4 pièces 84 m² 901 €,,84 m²,901,901 €,,https://www.entreparticuliers.com/annonces-immobilieres/maison/location/saint-sauveur-31790/maison-4-pieces-84-m/ref-20896857
,,www.entreparticuliers.com,Petit-Caux (76370) Maison à louer 5 pièces 135 m² 950 €,,135 m²,950,950 €,,https://www.entreparticuliers.com/annonces-immobilieres/maison/location/petit-caux-76370/maison-t5-a-louer/ref-21074288
,,www.entreparticuliers.com,Valognes (50700) Maison à louer 4 pièces 93 m² 970 €,,93 m²,970,970 €,,https://www.entreparticuliers.com/annonces-immobilieres/maison/location/valognes-50700/loue-maison-t4-valognes-valognes-entierement-renovee/ref-21074109
,,www.entreparticuliers.com,Lansargues (34130) Maison à louer 4 pièces 85 m² 1 018 € Villeneuve-sur-Lot (47300) Maison à louer 6 pièces 140 m² 790 € Petit-Caux (76370) Maison à louer 5 pièces 135 m² 950 € Rieupeyroux (12240) Mai,,85 m²,1018,1 018 €,,https://www.entreparticuliers.com/annonces-immobilieres/maison/location/lansargues-34130/maison-85-m2--lansargues-34130---1000/ref-21074315
,,www.entreparticuliers.com,Vacquiers (31340) à 5km de Bouloc Maison à louer 5 pièces 113 m² 1 050 €,,113 m²,1050,1 050 €,,https://www.entreparticuliers.com/annonces-immobilieres/maison/location/vacquiers-31340/maison-t5/ref-20961336
,,www.entreparticuliers.com,Maison à louer à Bouloc (31620) Toutes les annonces immobilières de location maison à Bouloc (31620) Consultez toutes les annonces immobilières maison à louer à Bouloc. Pour votre projet de location m,,105 m²,1100,1 100 €,,https://www.optidigital.com/?utm_medium=aio&utm_source=entreparticuliers.com&utm_campaign=Billboard_1
,,www.entreparticuliers.com,"Toutes les annonces immobilières de location maison à Bouloc (31620) Consultez toutes les annonces immobilières maison à louer à Bouloc. Pour votre projet de location maison à Bouloc, nous vous propos",,105 m²,1100,1 100 €,,https://www.ethero.eu/
,,www.entreparticuliers.com,Bouloc (31620) Maison à louer 4 pièces 105 m² 1 100 €,,105 m²,1100,1 100 €,,https://www.entreparticuliers.com/annonces-immobilieres/maison/location/bouloc-31620/maison-4-pieces-105-m/ref-21073659
,,www.entreparticuliers.com,Bouloc (31620) Maison à louer 4 pièces 105 m² 1 100 €,,105 m²,1100,1 100 €,,https://www.entreparticuliers.com/annonces-immobilieres/maison/location/bouloc-31620/maison-4-pieces-105-m/ref-20894559
,,www.entreparticuliers.com,Bouloc (31620) Maison à louer 4 pièces 93 m² 1 100 €,,93 m²,1100,1 100 €,,https://www.entreparticuliers.com/annonces-immobilieres/maison/location/bouloc-31620/location-maison-t4-a-bouloc/ref-20871232
,,www.entreparticuliers.com,Nemours (77140) Maison à louer 4 pièces 72 m² 1 100 €,,72 m²,1100,1 100 €,,https://www.entreparticuliers.com/annonces-immobilieres/maison/location/nemours-77140/maison-de-4-pieces-avec-jardin-dordives-1100/ref-21074256
,,www.entreparticuliers.com,Rive-de-Gier (42800) Maison à louer 4 pièces 80 m² 1 113 €,,80 m²,1113,1 113 €,,https://www.entreparticuliers.com/annonces-immobilieres/maison/location/rive-de-gier-42800/loue-villa-pres-de-rive-de-gier-dans-quartier-tranquille/ref-21074204
,,www.bienici.com,ANNONCE À LA UNE ! CALISSA IMMOBILIER 9 Maison 4 pièces 95 m² 31150 Gagnac-sur-Garonne 1 184 € par mois charges comprises CALISSA IMMOBILIER 9 Maison 4 pièces 95 m² 31150 Gagnac-sur-Garonne 1 184 € pa,,95 m²,1184,1 184 €,,https://www.bienici.com/annonce/location/gagnac-sur-garonne/maison/4pieces/ics-cal_CALISSATOU_loc-GES03280001-622?q=%2Frecherche%2Flocation%2F31620%2C31150%2C31790%2Fmaisonvilla%2F4-pieces-et-plus%3Fprix-max%3D1200&depuis-mise-en-avant=oui
,,www.entreparticuliers.com,Castelnau-d'Estrétefonds (31620) à 5km de Bouloc Maison à louer 5 pièces 105 m² 1 191 €,,105 m²,1191,1 191 €,,https://www.entreparticuliers.com/annonces-immobilieres/maison/location/castelnau-d-estretefonds-31620/maison-5-pieces-105-m/ref-20966533
,,www.entreparticuliers.com,Villematier (31340) à 7km de Bouloc Maison à louer 4 pièces 120 m² 1 197 €,,120 m²,1197,1 197 €,,https://www.entreparticuliers.com/annonces-immobilieres/maison/location/villematier-31340/maison-4-pieces-120-m/ref-20976167
,,www.logic-immo.com,Navigation überspringen Acheter Louer Vendre Neuf Luxe Annuaire Actualités Estimer mon bien 31620 (toutes communes) (+2 autres) Louer Maison maximum 1 200 € Minimum 4 pièces Surfaces Filtres Sauvegard,,89 m²,1200,1 200 €,29/09/2025,"https://www.logic-immo.com/classified-search?distributionTypes=Rent&estateTypes=House&locations=POCOFR1841,POCOFR1795,POCOFR1845&numberOfRoomsMin=4&priceMax=1200#av-wlhf-skip-link-target"
,,www.entreparticuliers.com,Castelnau-d'Estrétefonds (31620) à 5km de Bouloc Maison à louer 4 pièces 107 m² 1 200 €,,107 m²,1200,1 200 €,,https://www.entreparticuliers.com/annonces-immobilieres/maison/location/castelnau-d-estretefonds-31620/maison-4-pieces-107-m/ref-20926419
,,www.entreparticuliers.com,Saint-Sauveur (31790) à 6km de Bouloc Maison à louer 5 pièces 120 m² 1 200 €,,120 m²,1200,1 200 €,,https://www.entreparticuliers.com/annonces-immobilieres/maison/location/saint-sauveur-31790/particulier-loue-villa-t5-saint-sauveur/ref-20692252
,,www.bienici.com,"ⓘ © OpenMapTiles © OpenStreetMap contributors 5 km Powered by Rechercher quand je déplace la carte Location d’une maison à 31620 (toutes les villes), à 31150 (toutes les villes) ou à 31790 (toutes les",,95 m²,1200,1 200 €,,https://www.openmaptiles.org/
,,www.entreparticuliers.com,"Toutes les annonces immobilières de location maison à Bouloc (31620) Consultez toutes les annonces immobilières maison à louer à Bouloc. Pour votre projet de location maison à Bouloc, nous vous propos",,,,,,https://www.entreparticuliers.com/annonces-immobilieres/location/bouloc-31620
,,www.entreparticuliers.com,Recherches connexes Location Maison Immobilier Bouloc Location Appartement Bouloc Vente Appartement Bouloc Vente Maison Bouloc Location Maison Villeneuve-lès-Bouloc Location Maison Villaudric Location,,,,,,https://www.entreparticuliers.com/annonces-immobilieres/location
,,www.entreparticuliers.com,Maison,,,,,,https://www.entreparticuliers.com/annonces-immobilieres/maison
,,www.entreparticuliers.com,Vente Maison Bouloc,,,,,,https://www.entreparticuliers.com/annonces-immobilieres/vente/maison/bouloc-31620
,,www.entreparticuliers.com,Location Maison Villeneuve-lès-Bouloc,,,,,,https://www.entreparticuliers.com/annonces-immobilieres/location/maison/villeneuve-les-bouloc-31620
,,www.entreparticuliers.com,Location Maison Villaudric,,,,,,https://www.entreparticuliers.com/annonces-immobilieres/location/maison/villaudric-31620
,,www.entreparticuliers.com,Location Maison Gargas,,,,,,https://www.entreparticuliers.com/annonces-immobilieres/location/maison/gargas-31620
,,www.entreparticuliers.com,Location Maison Castelnau-d'Estrétefonds,,,,,,https://www.entreparticuliers.com/annonces-immobilieres/location/maison/castelnau-d-estretefonds-31620
,,www.entreparticuliers.com,Location Maison Vacquiers,,,,,,https://www.entreparticuliers.com/annonces-immobilieres/location/maison/vacquiers-31340
,,www.entreparticuliers.com,Location Maison Cépet,,,,,,https://www.entreparticuliers.com/annonces-immobilieres/location/maison/cepet-31620
,,www.entreparticuliers.com,Location Maison Saint-Sauveur,,,,,,https://www.entreparticuliers.com/annonces-immobilieres/location/maison/saint-sauveur-31790
,,www.entreparticuliers.com,Location Maison Saint-Rustice,,,,,,https://www.entreparticuliers.com/annonces-immobilieres/location/maison/saint-rustice-31620
,,www.entreparticuliers.com,Location Maison Villematier,,,,,,https://www.entreparticuliers.com/annonces-immobilieres/location/maison/villematier-31340
,,www.entreparticuliers.com,Location Maison Villariès,,,,,,https://www.entreparticuliers.com/annonces-immobilieres/location/maison/villaries-31380
,,www.entreparticuliers.com,Location Maison Pompignan,,,,,,https://www.entreparticuliers.com/annonces-immobilieres/location/maison/pompignan-82170
,,www.entreparticuliers.com,Location Maison Saint-Jory,,,,,,https://www.entreparticuliers.com/annonces-immobilieres/location/maison/saint-jory-31790
,,www.entreparticuliers.com,Location Maison Bruguières,,,,,,https://www.entreparticuliers.com/annonces-immobilieres/location/maison/bruguieres-31150
,,www.entreparticuliers.com,Location Maison Fronton,,,,,,https://www.entreparticuliers.com/annonces-immobilieres/location/maison/fronton-31620
,,www.entreparticuliers.com,Location Maison Labastide-Saint-Sernin,,,,,,https://www.entreparticuliers.com/annonces-immobilieres/location/maison/labastide-saint-sernin-31620
,,www.entreparticuliers.com,Location Maison Gratentour,,,,,,https://www.entreparticuliers.com/annonces-immobilieres/location/maison/gratentour-31150
,,www.entreparticuliers.com,Location Maison Montjoire,,,,,,https://www.entreparticuliers.com/annonces-immobilieres/location/maison/montjoire-31380
,,www.entreparticuliers.com,Location Maison Ondes,,,,,,https://www.entreparticuliers.com/annonces-immobilieres/location/maison/ondes-31330
,,www.entreparticuliers.com,Location Maison Lespinasse,,,,,,https://www.entreparticuliers.com/annonces-immobilieres/location/maison/lespinasse-31150
,,www.entreparticuliers.com,"v2.39.80 Facebook Twitter LinkedIn Instagram Moteur de recherche d’annonces immobilières pour acheter ou louer un appartement, une maison, une villa de particulier à particulier ou par agence. Publier",,,,,,https://www.facebook.com/entreparticuliers
,,www.entreparticuliers.com,Maisons à vendre,,,,,,https://www.entreparticuliers.com/annonces-immobilieres/vente/maison
,,www.entreparticuliers.com,Maisons à louer,,,,,,https://www.entreparticuliers.com/annonces-immobilieres/location/maison
,,www.entreparticuliers.com,Maisons à vendre,,,,,,https://www.entreparticuliers.com/annonces-immobilieres
,,www.entreparticuliers.com,Location Maison Nord,,,,,,https://www.entreparticuliers.com/annonces-immobilieres/location/maison/nord-59
,,www.entreparticuliers.com,Location Maison Paris,,,,,,https://www.entreparticuliers.com/annonces-immobilieres/location/maison/paris-75
,,www.entreparticuliers.com,Location Maison Bouches-du-Rhône,,,,,,https://www.entreparticuliers.com/annonces-immobilieres/location/maison/bouches-du-rhone-13
,,www.entreparticuliers.com,Location Maison Rhône,,,,,,https://www.entreparticuliers.com/annonces-immobilieres/location/maison/rhone-69
,,www.entreparticuliers.com,Location Maison Seine-Saint-Denis,,,,,,https://www.entreparticuliers.com/annonces-immobilieres/location/maison/seine-saint-denis-93
,,www.entreparticuliers.com,Location Maison Hauts-de-Seine,,,,,,https://www.entreparticuliers.com/annonces-immobilieres/location/maison/hauts-de-seine-92
,,www.entreparticuliers.com,Location Maison Gironde,,,,,,https://www.entreparticuliers.com/annonces-immobilieres/location/maison/gironde-33
,,www.entreparticuliers.com,Location Maison Pas-de-Calais,,,,,,https://www.entreparticuliers.com/annonces-immobilieres/location/maison/pas-de-calais-62
,,www.entreparticuliers.com,Location Maison Yvelines,,,,,,https://www.entreparticuliers.com/annonces-immobilieres/location/maison/yvelines-78
,,www.entreparticuliers.com,Location Maison Seine-et-Marne,,,,,,https://www.entreparticuliers.com/annonces-immobilieres/location/maison/seine-et-marne-77
,,www.entreparticuliers.com,Location Maison Loire-Atlantique,,,,,,https://www.entreparticuliers.com/annonces-immobilieres/location/maison/loire-atlantique-44
,,www.entreparticuliers.com,Location Maison Val-de-Marne,,,,,,https://www.entreparticuliers.com/annonces-immobilieres/location/maison/val-de-marne-94
,,www.entreparticuliers.com,Location Maison Haute-Garonne,,,,,,https://www.entreparticuliers.com/annonces-immobilieres/location/maison/haute-garonne-31
,,www.entreparticuliers.com,Location Maison Essonne,,,,,,https://www.entreparticuliers.com/annonces-immobilieres/location/maison/essonne-91
,,www.entreparticuliers.com,Location Maison Isère,,,,,,https://www.entreparticuliers.com/annonces-immobilieres/location/maison/isere-38
,,www.entreparticuliers.com,Location Maison Seine-Maritime,,,,,,https://www.entreparticuliers.com/annonces-immobilieres/location/maison/seine-maritime-76
,,www.entreparticuliers.com,Location Maison Val-d'Oise,,,,,,https://www.entreparticuliers.com/annonces-immobilieres/location/maison/val-d-oise-95
,,www.entreparticuliers.com,Location Maison Hérault,,,,,,https://www.entreparticuliers.com/annonces-immobilieres/location/maison/herault-34
,,www.entreparticuliers.com,Location Maison Bas-Rhin,,,,,,https://www.entreparticuliers.com/annonces-immobilieres/location/maison/bas-rhin-67
,,www.entreparticuliers.com,Location Maison Alpes-Maritimes,,,,,,https://www.entreparticuliers.com/annonces-immobilieres/location/maison/alpes-maritimes-06